<?xml version="1.0" encoding="UTF-8"?>
<GenRun Id="synth_1" LaunchPart="xc7a100tcsg324-1" LaunchTime="1469785345">
  <File Type="RDS-PROPCONSTRS" Name="top_level_wrap_drc_synth.rpt"/>
  <File Type="PA-TCL" Name="top_level_wrap.tcl"/>
  <File Type="RDS-RDS" Name="top_level_wrap.vds"/>
  <File Type="RDS-UTIL" Name="top_level_wrap_utilization_synth.rpt"/>
  <File Type="RDS-UTIL-PB" Name="top_level_wrap_utilization_synth.pb"/>
  <File Type="RDS-DCP" Name="top_level_wrap.dcp"/>
  <File Type="VDS-TIMINGSUMMARY" Name="top_level_wrap_timing_summary_synth.rpt"/>
  <File Type="VDS-TIMING-PB" Name="top_level_wrap_timing_summary_synth.pb"/>
  <FileSet Name="sources" Type="DesignSrcs" RelSrcDir="$PSRCDIR/sources_1">
    <Filter Type="Srcs"/>
    <File Path="$PSRCDIR/sources_1/imports/src/ShiftRegister.vhd">
      <FileInfo>
        <Attr Name="ImportPath" Val="$PPRDIR/../ip_repo/ADT7420_Peripheral_1.0/src/ShiftRegister.vhd"/>
        <Attr Name="ImportTime" Val="1468919185"/>
        <Attr Name="UsedIn" Val="synthesis"/>
        <Attr Name="UsedIn" Val="simulation"/>
      </FileInfo>
    </File>
    <File Path="$PSRCDIR/sources_1/imports/src/TemperatureSensorFSM2.vhd">
      <FileInfo>
        <Attr Name="ImportPath" Val="$PPRDIR/../ip_repo/ADT7420_Peripheral_1.0/src/TemperatureSensorFSM2.vhd"/>
        <Attr Name="ImportTime" Val="1469521828"/>
        <Attr Name="UsedIn" Val="synthesis"/>
        <Attr Name="UsedIn" Val="simulation"/>
      </FileInfo>
    </File>
    <File Path="$PSRCDIR/sources_1/imports/new/ButtonSynchronizer.vhd">
      <FileInfo>
        <Attr Name="ImportPath" Val="$PPRDIR/../i2c_beta/i2c.srcs/sources_1/new/ButtonSynchronizer.vhd"/>
        <Attr Name="ImportTime" Val="1468835868"/>
        <Attr Name="UsedIn" Val="synthesis"/>
        <Attr Name="UsedIn" Val="simulation"/>
      </FileInfo>
    </File>
    <File Path="$PSRCDIR/sources_1/imports/new/BCDScanner.vhd">
      <FileInfo>
        <Attr Name="ImportPath" Val="$PPRDIR/../i2c_beta/i2c.srcs/sources_1/new/BCDScanner.vhd"/>
        <Attr Name="ImportTime" Val="1468834559"/>
        <Attr Name="UsedIn" Val="synthesis"/>
        <Attr Name="UsedIn" Val="simulation"/>
      </FileInfo>
    </File>
    <File Path="$PSRCDIR/sources_1/imports/src/TemperatureSensorController2.vhd">
      <FileInfo>
        <Attr Name="ImportPath" Val="$PPRDIR/../ip_repo/ADT7420_Peripheral_1.0/src/TemperatureSensorController2.vhd"/>
        <Attr Name="ImportTime" Val="1469719685"/>
        <Attr Name="UsedIn" Val="synthesis"/>
        <Attr Name="UsedIn" Val="simulation"/>
      </FileInfo>
    </File>
    <File Path="$PSRCDIR/sources_1/new/top_level_wrap.vhd">
      <FileInfo>
        <Attr Name="UsedIn" Val="synthesis"/>
        <Attr Name="UsedIn" Val="simulation"/>
      </FileInfo>
    </File>
    <Config>
      <Option Name="DesignMode" Val="RTL"/>
      <Option Name="TopModule" Val="top_level_wrap"/>
      <Option Name="TopAutoSet" Val="TRUE"/>
    </Config>
  </FileSet>
  <FileSet Name="constrs_in" Type="Constrs" RelSrcDir="$PSRCDIR/constrs_1">
    <Filter Type="Constrs"/>
    <File Path="$PSRCDIR/constrs_1/imports/Downloads/Nexys4DDR_Master.xdc">
      <FileInfo>
        <Attr Name="ImportPath" Val="$PPRDIR/../i2c_beta/i2c.srcs/constrs_1/imports/Downloads/Nexys4DDR_Master.xdc"/>
        <Attr Name="ImportTime" Val="1469531981"/>
        <Attr Name="UsedIn" Val="synthesis"/>
        <Attr Name="UsedIn" Val="implementation"/>
      </FileInfo>
    </File>
    <Config>
      <Option Name="ConstrsType" Val="XDC"/>
    </Config>
  </FileSet>
  <Strategy Version="1" Minor="2">
    <StratHandle Name="Vivado Synthesis Defaults" Flow="Vivado Synthesis 2016">
      <Desc>Vivado Synthesis Defaults</Desc>
    </StratHandle>
    <Step Id="synth_design"/>
  </Strategy>
</GenRun>
