<?xml version="1.0" encoding="UTF-8"?>
<GenRun Id="impl_4" LaunchPart="xc7a100tcsg324-1" LaunchTime="1471612877">
  <File Type="OPT-DCP" Name="SBoxWord_opt.dcp"/>
  <File Type="ROUTE-STATUS-PB" Name="SBoxWord_route_status.pb"/>
  <File Type="PA-TCL" Name="SBoxWord.tcl"/>
  <File Type="RDI-RDI" Name="SBoxWord.vdi"/>
  <File Type="PWROPT-DRC" Name="SBoxWord_drc_pwropted.rpt"/>
  <File Type="OPT-METHODOLOGY-DRC" Name="SBoxWord_methodology_drc_opted.rpt"/>
  <File Type="INIT-TIMING" Name="SBoxWord_timing_summary_init.rpt"/>
  <File Type="OPT-DRC" Name="SBoxWord_drc_opted.rpt"/>
  <File Type="PWROPT-DCP" Name="SBoxWord_pwropt.dcp"/>
  <File Type="OPT-HWDEF" Name="SBoxWord.hwdef"/>
  <File Type="OPT-TIMING" Name="SBoxWord_timing_summary_opted.rpt"/>
  <File Type="PWROPT-TIMING" Name="SBoxWord_timing_summary_pwropted.rpt"/>
  <File Type="PLACE-DCP" Name="SBoxWord_placed.dcp"/>
  <File Type="PLACE-IO" Name="SBoxWord_io_placed.rpt"/>
  <File Type="PLACE-CLK" Name="SBoxWord_clock_utilization_placed.rpt"/>
  <File Type="PLACE-UTIL" Name="SBoxWord_utilization_placed.rpt"/>
  <File Type="PLACE-UTIL-PB" Name="SBoxWord_utilization_placed.pb"/>
  <File Type="PLACE-CTRL" Name="SBoxWord_control_sets_placed.rpt"/>
  <File Type="PLACE-SIMILARITY" Name="SBoxWord_incremental_reuse_placed.rpt"/>
  <File Type="PLACE-PRE-SIMILARITY" Name="SBoxWord_incremental_reuse_pre_placed.rpt"/>
  <File Type="PLACE-TIMING" Name="SBoxWord_timing_summary_placed.rpt"/>
  <File Type="POSTPLACE-PWROPT-DCP" Name="SBoxWord_postplace_pwropt.dcp"/>
  <File Type="POSTPLACE-PWROPT-TIMING" Name="SBoxWord_timing_summary_postplace_pwropted.rpt"/>
  <File Type="PHYSOPT-DCP" Name="SBoxWord_physopt.dcp"/>
  <File Type="PHYSOPT-DRC" Name="SBoxWord_drc_physopted.rpt"/>
  <File Type="PHYSOPT-TIMING" Name="SBoxWord_timing_summary_physopted.rpt"/>
  <File Type="ROUTE-DCP" Name="SBoxWord_routed.dcp"/>
  <File Type="ROUTE-BLACKBOX-DCP" Name="SBoxWord_routed_bb.dcp"/>
  <File Type="ROUTE-DRC" Name="SBoxWord_drc_routed.rpt"/>
  <File Type="ROUTE-DRC-PB" Name="SBoxWord_drc_routed.pb"/>
  <File Type="ROUTE-METHODOLOGY-DRC" Name="SBoxWord_methodology_drc_routed.rpt"/>
  <File Type="BG-BIT" Name="SBoxWord.bit"/>
  <File Type="ROUTE-METHODOLOGY-DRC-PB" Name="SBoxWord_methodology_drc_routed.pb"/>
  <File Type="ROUTE-PWR" Name="SBoxWord_power_routed.rpt"/>
  <File Type="ROUTE-PWR-SUM" Name="SBoxWord_power_summary_routed.pb"/>
  <File Type="ROUTE-PWR-RPX" Name="SBoxWord_power_routed.rpx"/>
  <File Type="ROUTE-STATUS" Name="SBoxWord_route_status.rpt"/>
  <File Type="ROUTE-TIMINGSUMMARY" Name="SBoxWord_timing_summary_routed.rpt"/>
  <File Type="ROUTE-TIMING-PB" Name="SBoxWord_timing_summary_routed.pb"/>
  <File Type="ROUTE-TIMING-RPX" Name="SBoxWord_timing_summary_routed.rpx"/>
  <File Type="ROUTE-SIMILARITY" Name="SBoxWord_incremental_reuse_routed.rpt"/>
  <File Type="ROUTE-CLK" Name="SBoxWord_clock_utilization_routed.rpt"/>
  <File Type="POSTROUTE-PHYSOPT-DCP" Name="SBoxWord_postroute_physopt.dcp"/>
  <File Type="POSTROUTE-PHYSOPT-BLACKBOX-DCP" Name="SBoxWord_postroute_physopt_bb.dcp"/>
  <File Type="POSTROUTE-PHYSOPT-TIMING" Name="SBoxWord_timing_summary_postroute_physopted.rpt"/>
  <File Type="POSTROUTE-PHYSOPT-TIMING-PB" Name="SBoxWord_timing_summary_postroute_physopted.pb"/>
  <File Type="POSTROUTE-PHYSOPT-TIMING-RPX" Name="SBoxWord_timing_summary_postroute_physopted.rpx"/>
  <File Type="BG-BIN" Name="SBoxWord.bin"/>
  <File Type="BITSTR-MSK" Name="SBoxWord.msk"/>
  <File Type="BITSTR-RBT" Name="SBoxWord.rbt"/>
  <File Type="BITSTR-NKY" Name="SBoxWord.nky"/>
  <File Type="BITSTR-BMM" Name="SBoxWord_bd.bmm"/>
  <File Type="BITSTR-MMI" Name="SBoxWord.mmi"/>
  <File Type="BITSTR-SYSDEF" Name="SBoxWord.sysdef"/>
  <File Type="BG-BGN" Name="SBoxWord.bgn"/>
  <File Type="BG-DRC" Name="SBoxWord.drc"/>
  <File Type="WBT-USG" Name="usage_statistics_webtalk.html"/>
  <FileSet Name="sources" Type="DesignSrcs" RelSrcDir="$PSRCDIR/sources_1">
    <Filter Type="Srcs"/>
    <File Path="$PSRCDIR/sources_1/imports/Aes/tb_AesCryptCircuit_behav.wcfg">
      <FileInfo>
        <Attr Name="ImportPath" Val="$PPRDIR/tb_AesCryptCircuit_behav.wcfg"/>
        <Attr Name="ImportTime" Val="1470816623"/>
        <Attr Name="UsedIn" Val="simulation"/>
      </FileInfo>
    </File>
    <File Path="$PSRCDIR/sources_1/new/PkgAesUtilities.vhd">
      <FileInfo>
        <Attr Name="UsedIn" Val="synthesis"/>
        <Attr Name="UsedIn" Val="simulation"/>
      </FileInfo>
    </File>
    <File Path="$PSRCDIR/sources_1/new/SBoxBytes.vhd">
      <FileInfo>
        <Attr Name="UsedIn" Val="synthesis"/>
        <Attr Name="UsedIn" Val="simulation"/>
      </FileInfo>
    </File>
    <File Path="$PSRCDIR/sources_1/new/SBoxWord.vhd">
      <FileInfo>
        <Attr Name="UsedIn" Val="synthesis"/>
        <Attr Name="UsedIn" Val="simulation"/>
      </FileInfo>
    </File>
    <File Path="$PSRCDIR/sources_1/new/RoundProcessing.vhd">
      <FileInfo>
        <Attr Name="UsedIn" Val="synthesis"/>
        <Attr Name="UsedIn" Val="simulation"/>
      </FileInfo>
    </File>
    <File Path="$PSRCDIR/sources_1/new/ExtendedKeyGen.vhd">
      <FileInfo>
        <Attr Name="UsedIn" Val="synthesis"/>
        <Attr Name="UsedIn" Val="simulation"/>
      </FileInfo>
    </File>
    <File Path="$PSRCDIR/sources_1/new/PipelineLevel.vhd">
      <FileInfo>
        <Attr Name="UsedIn" Val="synthesis"/>
        <Attr Name="UsedIn" Val="simulation"/>
      </FileInfo>
    </File>
    <File Path="$PSRCDIR/sources_1/new/AesCryptCircuit.vhd">
      <FileInfo>
        <Attr Name="UsedIn" Val="synthesis"/>
        <Attr Name="UsedIn" Val="simulation"/>
      </FileInfo>
    </File>
    <File Path="$PSRCDIR/sources_1/new/PkgSimUtilities.vhd">
      <FileInfo>
        <Attr Name="UsedIn" Val="synthesis"/>
        <Attr Name="UsedIn" Val="simulation"/>
      </FileInfo>
    </File>
    <File Path="$PSRCDIR/sources_1/imports/Aes/tb_ExtendedKeyGen_behav.wcfg">
      <FileInfo>
        <Attr Name="ImportPath" Val="$PPRDIR/tb_ExtendedKeyGen_behav.wcfg"/>
        <Attr Name="ImportTime" Val="1470752624"/>
        <Attr Name="UsedIn" Val="simulation"/>
      </FileInfo>
    </File>
    <Config>
      <Option Name="DesignMode" Val="RTL"/>
      <Option Name="TopModule" Val="SBoxWord"/>
    </Config>
  </FileSet>
  <FileSet Name="constrs_in" Type="Constrs" RelSrcDir="$PSRCDIR/constrs_1">
    <Filter Type="Constrs"/>
    <Config>
      <Option Name="ConstrsType" Val="XDC"/>
    </Config>
  </FileSet>
  <Strategy Version="1" Minor="2">
    <StratHandle Name="Vivado Implementation Defaults" Flow="Vivado Implementation 2016">
      <Desc>Default settings for Implementation.</Desc>
    </StratHandle>
    <Step Id="init_design"/>
    <Step Id="opt_design"/>
    <Step Id="power_opt_design"/>
    <Step Id="place_design"/>
    <Step Id="post_place_power_opt_design"/>
    <Step Id="phys_opt_design"/>
    <Step Id="route_design"/>
    <Step Id="post_route_phys_opt_design"/>
    <Step Id="write_bitstream"/>
  </Strategy>
</GenRun>
