<?xml version="1.0" encoding="UTF-8"?>
<GenRun Id="synth_5" LaunchPart="xc7a100tcsg324-1" LaunchTime="1471613058">
  <File Type="RDS-PROPCONSTRS" Name="SBoxWord_drc_synth.rpt"/>
  <File Type="PA-TCL" Name="SBoxWord.tcl"/>
  <File Type="RDS-RDS" Name="SBoxWord.vds"/>
  <File Type="RDS-UTIL" Name="SBoxWord_utilization_synth.rpt"/>
  <File Type="RDS-UTIL-PB" Name="SBoxWord_utilization_synth.pb"/>
  <File Type="RDS-DCP" Name="SBoxWord.dcp"/>
  <File Type="VDS-TIMINGSUMMARY" Name="SBoxWord_timing_summary_synth.rpt"/>
  <File Type="VDS-TIMING-PB" Name="SBoxWord_timing_summary_synth.pb"/>
  <FileSet Name="sources" Type="DesignSrcs" RelSrcDir="$PSRCDIR/sources_1">
    <Filter Type="Srcs"/>
    <File Path="$PSRCDIR/sources_1/imports/Aes/tb_AesCryptCircuit_behav.wcfg">
      <FileInfo>
        <Attr Name="ImportPath" Val="$PPRDIR/tb_AesCryptCircuit_behav.wcfg"/>
        <Attr Name="ImportTime" Val="1470816623"/>
        <Attr Name="UsedIn" Val="simulation"/>
      </FileInfo>
    </File>
    <File Path="$PSRCDIR/sources_1/new/PkgAesUtilities.vhd">
      <FileInfo>
        <Attr Name="UsedIn" Val="synthesis"/>
        <Attr Name="UsedIn" Val="simulation"/>
      </FileInfo>
    </File>
    <File Path="$PSRCDIR/sources_1/new/SBoxBytes.vhd">
      <FileInfo>
        <Attr Name="UsedIn" Val="synthesis"/>
        <Attr Name="UsedIn" Val="simulation"/>
      </FileInfo>
    </File>
    <File Path="$PSRCDIR/sources_1/new/SBoxWord.vhd">
      <FileInfo>
        <Attr Name="UsedIn" Val="synthesis"/>
        <Attr Name="UsedIn" Val="simulation"/>
      </FileInfo>
    </File>
    <File Path="$PSRCDIR/sources_1/new/RoundProcessing.vhd">
      <FileInfo>
        <Attr Name="UsedIn" Val="synthesis"/>
        <Attr Name="UsedIn" Val="simulation"/>
      </FileInfo>
    </File>
    <File Path="$PSRCDIR/sources_1/new/ExtendedKeyGen.vhd">
      <FileInfo>
        <Attr Name="UsedIn" Val="synthesis"/>
        <Attr Name="UsedIn" Val="simulation"/>
      </FileInfo>
    </File>
    <File Path="$PSRCDIR/sources_1/new/PipelineLevel.vhd">
      <FileInfo>
        <Attr Name="UsedIn" Val="synthesis"/>
        <Attr Name="UsedIn" Val="simulation"/>
      </FileInfo>
    </File>
    <File Path="$PSRCDIR/sources_1/new/AesCryptCircuit.vhd">
      <FileInfo>
        <Attr Name="UsedIn" Val="synthesis"/>
        <Attr Name="UsedIn" Val="simulation"/>
      </FileInfo>
    </File>
    <File Path="$PSRCDIR/sources_1/new/PkgSimUtilities.vhd">
      <FileInfo>
        <Attr Name="UsedIn" Val="synthesis"/>
        <Attr Name="UsedIn" Val="simulation"/>
      </FileInfo>
    </File>
    <File Path="$PSRCDIR/sources_1/imports/Aes/tb_ExtendedKeyGen_behav.wcfg">
      <FileInfo>
        <Attr Name="ImportPath" Val="$PPRDIR/tb_ExtendedKeyGen_behav.wcfg"/>
        <Attr Name="ImportTime" Val="1470752624"/>
        <Attr Name="UsedIn" Val="simulation"/>
      </FileInfo>
    </File>
    <Config>
      <Option Name="DesignMode" Val="RTL"/>
      <Option Name="TopModule" Val="SBoxWord"/>
    </Config>
  </FileSet>
  <FileSet Name="constrs_in" Type="Constrs" RelSrcDir="$PSRCDIR/constrs_1">
    <Filter Type="Constrs"/>
    <Config>
      <Option Name="ConstrsType" Val="XDC"/>
    </Config>
  </FileSet>
  <Strategy Version="1" Minor="2">
    <StratHandle Name="Vivado Synthesis Defaults" Flow="Vivado Synthesis 2016">
      <Desc>Vivado Synthesis Defaults</Desc>
    </StratHandle>
    <Step Id="synth_design"/>
  </Strategy>
</GenRun>
