<?xml version="1.0" encoding="UTF-8" standalone="no" ?>
<part_info part_name="xc7k325tffg900-2">
	<pins>
		<pin index="0" name ="GPIO_DIP_SW0" iostandard="LVCMOS25" loc="Y29"/>
		<pin index="1" name ="GPIO_DIP_SW1" iostandard="LVCMOS25" loc="W29"/>
		<pin index="2" name ="GPIO_DIP_SW2" iostandard="LVCMOS25" loc="AA28"/>
		<pin index="3" name ="GPIO_DIP_SW3" iostandard="LVCMOS25" loc="Y28"/>
		
		<pin index="4" name ="PHY_RXCTL_RXDV" iostandard="LVCMOS25" loc="R28"/>
		<pin index="5" name ="PHY_RXER" iostandard="LVCMOS25" loc="V26"/>
		<pin index="6" name ="PHY_RXCLK" iostandard="LVCMOS25" loc="U27"/>
		<pin index="7" name ="PHY_MDC" iostandard="LVCMOS25" loc="R23"/>	
		<pin index="8" name ="PHY_CRS" iostandard="LVCMOS25" loc="R30"/>
		<pin index="9" name ="PHY_COL" iostandard="LVCMOS25" loc="W19"/>
		<pin index="10" name ="PHY_RXD0" iostandard="LVCMOS25" loc="U30"/>
		<pin index="11" name ="PHY_RXD1" iostandard="LVCMOS25" loc="U25"/>
		<pin index="12" name ="PHY_RXD2" iostandard="LVCMOS25" loc="T25"/>
		<pin index="13" name ="PHY_RXD3" iostandard="LVCMOS25" loc="U28"/>
		<pin index="14" name ="PHY_RXD4" iostandard="LVCMOS25" loc="R19"/>
		<pin index="15" name ="PHY_RXD5" iostandard="LVCMOS25" loc="T27"/>
		<pin index="16" name ="PHY_RXD6" iostandard="LVCMOS25" loc="T26"/>
		<pin index="17" name ="PHY_RXD7" iostandard="LVCMOS25" loc="T28"/>
		<pin index="18" name ="PHY_INT" iostandard="LVCMOS25" loc="N30"/>
		<pin index="19" name ="PHY_TXER" iostandard="LVCMOS25" loc="N29" slew="FAST"/>
		<pin index="20" name ="PHY_TXCTL_TXEN" iostandard="LVCMOS25" loc="M27"/>
		<pin index="21" name ="PHY_TXCLK" iostandard="LVCMOS25" loc="M28"/>
		<pin index="22" name ="PHY_TXC_GTXCLK" iostandard="LVCMOS25" loc="K30"/> 
		<pin index="23" name ="PHY_RESET" iostandard="LVCMOS25" loc="L20"/> 
		<pin index="24" name ="PHY_MDIO" iostandard="LVCMOS25" loc="J21"/>
		<pin index="25" name ="IIC_MUX_RESET_B" iostandard="LVCMOS25" loc="P23"/>
		<pin index="26" name ="IIC_SCL_MAIN" iostandard="LVCMOS25" loc="K21" drive="8" slew="SLOW"/>
		<pin index="27" name ="IIC_SDA_MAIN" iostandard="LVCMOS25" loc="L21" drive="8" slew="SLOW"/>

		<pin index="28" name ="GPIO_LED_0_LS" iostandard="LVCMOS15" loc="AB8"/>
		<pin index="29" name ="GPIO_LED_1_LS" iostandard="LVCMOS15" loc="AA8"/>
		<pin index="30" name ="GPIO_LED_2_LS" iostandard="LVCMOS15" loc="AC9"/>
		<pin index="31" name ="GPIO_LED_3_LS" iostandard="LVCMOS15" loc="AB9"/>
		<pin index="32" name ="GPIO_LED_4_LS" iostandard="LVCMOS25" loc="AE26"/>
		<pin index="33" name ="GPIO_LED_5_LS" iostandard="LVCMOS25" loc="G19"/>
		<pin index="34" name ="GPIO_LED_6_LS" iostandard="LVCMOS25" loc="E18"/>
		<pin index="35" name ="GPIO_LED_7_LS" iostandard="LVCMOS25" loc="F16"/>

		<pin index="36" name ="LCD_E_LS" iostandard="LVCMOS15" loc="AB10"/>
		<pin index="37" name ="LCD_RS_LS" iostandard="LVCMOS15" loc="Y11"/>
		<pin index="38" name ="LCD_RW_LS" iostandard="LVCMOS15" loc="AB13"/>
		<pin index="39" name ="LCD_DB7_LS" iostandard="LVCMOS15" loc="Y10"/>
		<pin index="40" name ="LCD_DB6_LS" iostandard="LVCMOS15" loc="AA11"/>
		<pin index="41" name ="LCD_DB5_LS" iostandard="LVCMOS15" loc="AA10"/>
		<pin index="42" name ="LCD_DB4_LS" iostandard="LVCMOS15" loc="AA13"/>


		<pin index="43" name ="FLASH_A0" iostandard="LVCMOS25" loc="W22"/>
		<pin index="44" name ="FLASH_A1" iostandard="LVCMOS25" loc="W21"/>
		<pin index="45" name ="FLASH_A2" iostandard="LVCMOS25" loc="V24"/>
		<pin index="46" name ="FLASH_A3" iostandard="LVCMOS25" loc="U24"/>
		<pin index="47" name ="FLASH_A4" iostandard="LVCMOS25" loc="V22"/>
		<pin index="48" name ="FLASH_A5" iostandard="LVCMOS25" loc="V21"/>
		<pin index="49" name ="FLASH_A6" iostandard="LVCMOS25" loc="U23"/>
		<pin index="50" name ="FLASH_A7" iostandard="LVCMOS25" loc="W24"/> 
		<pin index="51" name ="FLASH_A8" iostandard="LVCMOS25" loc="W23"/> 
		<pin index="52" name ="FLASH_A9" iostandard="LVCMOS25" loc="V20"/> 
		<pin index="53" name ="FLASH_A10" iostandard="LVCMOS25" loc="V19"/> 
		<pin index="54" name ="FLASH_A11" iostandard="LVCMOS25" loc="W26"/> 
		<pin index="55" name ="FLASH_A12" iostandard="LVCMOS25" loc="V25"/> 
		<pin index="56" name ="FLASH_A13" iostandard="LVCMOS25" loc="V30"/> 
		<pin index="57" name ="FLASH_A14" iostandard="LVCMOS25" loc="V29"/> 
		<pin index="58" name ="FLASH_A15" iostandard="LVCMOS25" loc="V27"/> 
		<pin index="59" name ="FLASH_A16" iostandard="LVCMOS25" loc="P22"/> 
		<pin index="60" name ="FLASH_A17" iostandard="LVCMOS25" loc="P21"/>
		<pin index="61" name ="FLASH_A18" iostandard="LVCMOS25" loc="N24"/> 
		<pin index="62" name ="FLASH_A19" iostandard="LVCMOS25" loc="N22"/> 
		<pin index="63" name ="FLASH_A20" iostandard="LVCMOS25" loc="N21"/> 
		<pin index="64" name ="FLASH_A21" iostandard="LVCMOS25" loc="N20"/> 
		<pin index="65" name ="FLASH_A22" iostandard="LVCMOS25" loc="N19"/> 
		<pin index="66" name ="FLASH_A23" iostandard="LVCMOS25" loc="N26"/> 
		<pin index="67" name ="FLASH_A24" iostandard="LVCMOS25" loc="M23"/>
		<pin index="68" name ="FLASH_A25" iostandard="LVCMOS25" loc="M22"/>

		<pin index="69" name ="FLASH_D15" iostandard="LVCMOS25" loc="R26"/> 
		<pin index="70" name ="FLASH_D14" iostandard="LVCMOS25" loc="P26"/> 
		<pin index="71" name ="FLASH_D13" iostandard="LVCMOS25" loc="T30"/> 
		<pin index="72" name ="FLASH_D12" iostandard="LVCMOS25" loc="P28"/> 
		<pin index="73" name ="FLASH_D11" iostandard="LVCMOS25" loc="P27"/> 
		<pin index="74" name ="FLASH_D10" iostandard="LVCMOS25" loc="R29"/> 
		<pin index="75" name ="FLASH_D9" iostandard="LVCMOS25" loc="P29"/> 
		<pin index="76" name ="FLASH_D8" iostandard="LVCMOS25" loc="U20"/> 
		<pin index="77" name ="FLASH_D7" iostandard="LVCMOS25" loc="T23"/> 
		<pin index="78" name ="FLASH_D6" iostandard="LVCMOS25" loc="T22"/> 
		<pin index="79" name ="FLASH_D5" iostandard="LVCMOS25" loc="T21"/> 
		<pin index="80" name ="FLASH_D4" iostandard="LVCMOS25" loc="T20"/>
		<pin index="81" name ="FLASH_D3" iostandard="LVCMOS25" loc="R21"/> 
		<pin index="82" name ="FLASH_D2" iostandard="LVCMOS25" loc="R20"/> 
		<pin index="83" name ="FLASH_D1" iostandard="LVCMOS25" loc="R25"/> 
		<pin index="84" name ="FLASH_D0" iostandard="LVCMOS25" loc="P24"/> 

		<pin index="85" name ="FLASH_ADV_B" iostandard="LVCMOS25" loc="M30"/>
		<pin index="86" name ="FLASH_FWE_B" iostandard="LVCMOS25" loc="M25"/>
		<pin index="87" name ="FLASH_OE_B" iostandard="LVCMOS25" loc="M24"/> 


		<pin index="88" name ="GPIO_SW_C" iostandard="LVCMOS25" loc="G12"/>		
		<pin index="89" name ="GPIO_SW_W" iostandard="LVCMOS15" loc="AC6"/>
		<pin index="90" name ="GPIO_SW_S" iostandard="LVCMOS15" loc="AB12"/>
		<pin index="91" name ="GPIO_SW_E" iostandard="LVCMOS15" loc="AG5"/>
		<pin index="92" name ="GPIO_SW_N" iostandard="LVCMOS15" loc="AA12"/>

		<pin index="93" name ="USB_CTS" iostandard="LVDS" loc="L27"/>
		<!-- NOTE for pin index 94 & 95 iostandard is defined in component rs232_uart 
		iostandard is optional attribute for fpga pins & it will be always overwritten by component(non fpga) level pin attributes -->
		<pin index="94" name ="USB_TX" loc="K24"/>
		<pin index="95" name ="USB_RX" loc="M19"/>
		<pin index="96" name ="USB_RTS" iostandard="LVCMOS25" loc="K23"/>

		<pin index="97" name ="SFP_TX_DISABLE" iostandard="LVDS" loc="Y20"/>
		<pin index="98" name ="SFP_LOS_LS" iostandard="LVDS" loc="P19"/>
		<pin index="99" name ="SFP_TX_N" iostandard="LVDS" loc="H1"/>
		<pin index="100" name ="SFP_TX_P" iostandard="LVDS" loc="H2"/>
		<pin index="101" name ="SFP_RX_N" iostandard="LVDS" loc="G4"/>
		<pin index="102" name ="SFP_RX_P" iostandard="LVDS" loc="G3"/>

		<pin index="103" name ="USER_SMA_GPIO_N" iostandard="LVDS_25" loc="Y24"/>
		<pin index="104" name ="USER_SMA_GPIO_P" iostandard="LVDS_25" loc="Y23"/>
		<pin index="105" name ="USER_SMA_CLOCK_N" iostandard="LVDS_25" loc="K25"/>
		<pin index="106" name ="USER_SMA_CLOCK_P" iostandard="LVDS_25" loc="L25"/>
		<pin index="107" name ="SMA_MGT_REFCLK_P" iostandard="LVDS" loc="J8"/>
		<pin index="108" name ="SMA_MGT_REFCLK_N" iostandard="LVDS" loc="J7"/>
		<pin index="109" name ="SMA_MGT_TX_P" iostandard="LVDS" loc="K2"/>
		<pin index="110" name ="SMA_MGT_TX_N" iostandard="LVDS" loc="K1"/>
		<pin index="111" name ="SMA_MGT_RX_P" iostandard="LVDS" loc="K6"/>
		<pin index="112" name ="SMA_MGT_RX_N" iostandard="LVDS" loc="K5"/>

		<pin index="113" name ="PHY_TXD0" iostandard="LVCMOS25" loc="N27"/>
		<pin index="114" name ="PHY_TXD1" iostandard="LVCMOS25" loc="N25"/>
		<pin index="115" name ="PHY_TXD2" iostandard="LVCMOS25" loc="M29"/>
		<pin index="116" name ="PHY_TXD3" iostandard="LVCMOS25" loc="L28"/>
		<pin index="117" name ="PHY_TXD4" iostandard="LVCMOS25" loc="J26"/> 
		<pin index="118" name ="PHY_TXD5" iostandard="LVCMOS25" loc="K26"/> 
		<pin index="119" name ="PHY_TXD6" iostandard="LVCMOS25" loc="L30"/> 
		<pin index="120" name ="PHY_TXD7" iostandard="LVCMOS25" loc="J28"/>

		<pin index="121" name ="SGMII_TX_N" iostandard="LVDS" loc="J3"/>
		<pin index="122" name ="SGMII_TX_P" iostandard="LVDS" loc="J4"/>
		<pin index="123" name ="SGMII_RX_N" iostandard="LVDS" loc="H5"/>
		<pin index="124" name ="SGMII_RX_P" iostandard="LVDS" loc="H6"/>
		<pin index="125" name ="ROTARY_INCA" iostandard="LVCMOS25" loc="Y26"/>
		<pin index="126" name ="ROTARY_PUSH" iostandard="LVCMOS25" loc="AA26"/>
		<pin index="127" name ="ROTARY_INCB" iostandard="LVCMOS25" loc="Y25"/>
		<pin index="128" name ="SGMIICLK_Q0_P" iostandard="LVDS" loc="G8"/>
		<pin index="129" name ="SGMIICLK_Q0_N" iostandard="LVDS" loc="G7"/>
		<pin index="130" name ="SYSCLK_P" iostandard="DIFF_SSTL15" loc="AD12"/>
		<pin index="131" name ="SYSCLK_N" iostandard="DIFF_SSTL15" loc="AD11" diff_term="true"/>
		<pin index="132" name ="CPU_RESET" iostandard="LVCMOS15" loc="AB7"/>
		
		<pin index="133" name="FMC_LPC_LA09_P" iostandard="LVCMOS25" loc="AK23"/>
		<pin index="134" name="FMC_LPC_LA09_N" iostandard="LVCMOS25" loc="AK24"/>
		<pin index="135" name="FMC_LPC_LA10_P" iostandard="LVCMOS25" loc="AJ24"/>
		<pin index="136" name="FMC_LPC_LA10_N" iostandard="LVCMOS25" loc="AK25"/>
		<pin index="137" name="FMC_LPC_LA11_P" iostandard="LVCMOS25" loc="AE25"/>
		<pin index="138" name="FMC_LPC_LA11_N" iostandard="LVCMOS25" loc="AF25"/>
		<pin index="139" name="FMC_LPC_LA12_P" iostandard="LVCMOS25" loc="AA20"/>
		<pin index="140" name="FMC_LPC_LA12_N" iostandard="LVCMOS25" loc="AB20"/>
		<pin index="141" name="FMC_LPC_LA13_P" iostandard="LVCMOS25" loc="AB24"/>
		<pin index="142" name="FMC_LPC_LA13_N" iostandard="LVCMOS25" loc="AC25"/>
		<pin index="143" name="FMC_LPC_LA14_P" iostandard="LVCMOS25" loc="AD21"/>
		<pin index="144" name="FMC_LPC_LA14_N" iostandard="LVCMOS25" loc="AE21"/>
		<pin index="145" name="FMC_LPC_LA15_P" iostandard="LVCMOS25" loc="AC24"/>
		<pin index="146" name="FMC_LPC_LA15_N" iostandard="LVCMOS25" loc="AD24"/>
		<pin index="147" name="FMC_LPC_LA16_P" iostandard="LVCMOS25" loc="AC22"/>
		<pin index="148" name="FMC_LPC_LA16_N" iostandard="LVCMOS25" loc="AD22"/>
		<pin index="149" name="FPGA_FCS" iostandard="LVCMOS25" loc="U19"/>
	</pins>
</part_info>
