<?xml version="1.0" encoding="UTF-8" standalone="no" ?>
<ip_presets schema="1.0">
  <ip_preset preset_proc_name="emc_preset">
    <ip vendor="xilinx.com" library="ip" name="axi_emc" version="3.0">
      <user_parameters>
        <user_parameter name="CONFIG.C_INCLUDE_DATAWIDTH_MATCHING_0" value="1"/> 
        <user_parameter name="CONFIG.C_MAX_MEM_WIDTH" value="16"/> 
        <user_parameter name="CONFIG.C_MEM0_TYPE" value="2"/> 
        <user_parameter name="CONFIG.C_MEM0_WIDTH" value="16"/> 
        <user_parameter name="CONFIG.C_TAVDV_PS_MEM_0" value="130000"/> 
        <user_parameter name="CONFIG.C_TCEDV_PS_MEM_0" value="130000"/> 
        <user_parameter name="CONFIG.C_THZCE_PS_MEM_0" value="35000"/> 
        <user_parameter name="CONFIG.C_THZOE_PS_MEM_0" value="7000"/> 
        <user_parameter name="CONFIG.C_TLZWE_PS_MEM_0" value="35000"/> 
        <user_parameter name="CONFIG.C_TWC_PS_MEM_0" value="70000"/> 
        <user_parameter name="CONFIG.C_TWPH_PS_MEM_0" value="12000"/> 
        <user_parameter name="CONFIG.C_TWP_PS_MEM_0" value="70000"/> 
        <user_parameter name="CONFIG.C_WR_REC_TIME_MEM_0" value="100000"/> 
      </user_parameters>
    </ip>
  </ip_preset>
  <ip_preset preset_proc_name="ddr3_sdram_preset">
    <ip vendor="xilinx.com" library="ip" name="mig_7series">
      <user_parameters>
        <user_parameter name="CONFIG.XML_INPUT_FILE" value="mig.prj" value_type="file"/> 
      </user_parameters>
    </ip>
  </ip_preset>
  <ip_preset preset_proc_name="gmii_preset">
    <ip vendor="xilinx.com" library="ip" name="axi_ethernet" ip_interface="gmii">
      <user_parameters>
        <user_parameter name="CONFIG.PHY_TYPE" value="GMII"/> 
      </user_parameters>
    </ip>
    <ip vendor="xilinx.com" library="ip" name="tri_mode_ethernet_mac" ip_interface="gmii">
      <user_parameters>
        <user_parameter name="CONFIG.Physical_Interface" value="GMII"/> 
      </user_parameters>
    </ip>
  </ip_preset>
  <ip_preset preset_proc_name="mii_preset">
    <ip vendor="xilinx.com" library="ip" name="axi_ethernet" ip_interface="mii">
      <user_parameters>
        <user_parameter name="CONFIG.PHY_TYPE" value="MII"/> 
      </user_parameters>
    </ip>
    <ip vendor="xilinx.com" library="ip" name="tri_mode_ethernet_mac" ip_interface="mii">
      <user_parameters>
        <user_parameter name="CONFIG.Physical_Interface" value="MII"/> 
      </user_parameters>
    </ip>
  </ip_preset>
  <ip_preset preset_proc_name="rgmii_preset">
    <ip vendor="xilinx.com" library="ip" name="axi_ethernet" ip_interface="rgmii">
      <user_parameters>
        <user_parameter name="CONFIG.PHY_TYPE" value="RGMII"/> 
      </user_parameters>
    </ip>
    <ip vendor="xilinx.com" library="ip" name="tri_mode_ethernet_mac" ip_interface="rgmii">
      <user_parameters>
        <user_parameter name="CONFIG.Physical_Interface" value="RGMII"/> 
      </user_parameters>
    </ip>
  </ip_preset>
  <ip_preset preset_proc_name="sgmii_preset">
    <ip vendor="xilinx.com" library="ip" name="axi_ethernet" ip_interface="sgmii">
      <user_parameters>
        <user_parameter name="CONFIG.PHY_TYPE" value="SGMII"/> 
      </user_parameters>
    </ip>
    <ip vendor="xilinx.com" library="ip" name="gig_ethernet_pcs_pma" ip_interface="sgmii">
      <user_parameters>
        <user_parameter name="CONFIG.Standard" value="SGMII"/> 
      </user_parameters>
    </ip> 
  </ip_preset>
  <ip_preset preset_proc_name="sfp_sgmii_preset">
    <ip vendor="xilinx.com" library="ip" name="axi_ethernet" ip_interface="sgmii">
      <user_parameters>
        <user_parameter name="CONFIG.PHY_TYPE" value="SGMII"/> 
      </user_parameters>
    </ip>
    <ip vendor="xilinx.com" library="ip" name="gig_ethernet_pcs_pma" ip_interface="sgmii">
      <user_parameters>
        <user_parameter name="CONFIG.Standard" value="SGMII"/> 
      </user_parameters>
    </ip>
  </ip_preset>
  <ip_preset preset_proc_name="sma_sgmii_preset">
    <ip vendor="xilinx.com" library="ip" name="axi_ethernet" ip_interface="sgmii">
      <user_parameters>
        <user_parameter name="CONFIG.PHY_TYPE" value="SGMII"/> 
      </user_parameters>
    </ip>
    <ip vendor="xilinx.com" library="ip" name="gig_ethernet_pcs_pma" ip_interface="sgmii">
      <user_parameters>
        <user_parameter name="CONFIG.Standard" value="SGMII"/> 
      </user_parameters>
    </ip>
  </ip_preset>
  <ip_preset preset_proc_name="sma_lvds_preset">
    <ip vendor="xilinx.com" library="ip" name="axi_ethernet" ip_interface="sgmii">
      <user_parameters>
        <user_parameter name="CONFIG.PHY_TYPE" value="SGMII"/> 
        <user_parameter name="CONFIG.ENABLE_LVDS" value="true"/> 
      </user_parameters>
    </ip>
    <ip vendor="xilinx.com" library="ip" name="gig_ethernet_pcs_pma" ip_interface="sgmii">
      <user_parameters>
        <user_parameter name="CONFIG.Standard" value="SGMII"/> 
        <user_parameter name="CONFIG.Physical_Interface" value="LVDS"/> 
      </user_parameters>
    </ip>
  </ip_preset>
  <ip_preset preset_proc_name="sfp_preset">
    <ip vendor="xilinx.com" library="ip" name="axi_ethernet" ip_interface="sfp">
      <user_parameters>
        <user_parameter name="CONFIG.PHY_TYPE" value="1000basex"/> 
      </user_parameters>
    </ip>
    <ip vendor="xilinx.com" library="ip" name="gig_ethernet_pcs_pma" ip_interface="sfp">
      <user_parameters>
        <user_parameter name="CONFIG.Standard" value="1000BASEX"/> 
      </user_parameters>
    </ip>
  </ip_preset>
  <ip_preset preset_proc_name="sma_sfp_preset">
    <ip vendor="xilinx.com" library="ip" name="axi_ethernet" ip_interface="sfp">
      <user_parameters>
        <user_parameter name="CONFIG.PHY_TYPE" value="1000basex"/> 
      </user_parameters>
    </ip>
    <ip vendor="xilinx.com" library="ip" name="gig_ethernet_pcs_pma" ip_interface="sfp">
      <user_parameters>
        <user_parameter name="CONFIG.Standard" value="1000BASEX"/> 
      </user_parameters>
    </ip>
    </ip_preset>
  <ip_preset preset_proc_name="led_8bits_preset">
    <ip vendor="xilinx.com" library="ip" name="axi_gpio" ip_interface="GPIO">
        <user_parameters>
          <user_parameter name="CONFIG.C_GPIO_WIDTH" value="8"/> 
          <user_parameter name="CONFIG.C_ALL_OUTPUTS" value="1"/> 
	  <user_parameter name="CONFIG.C_ALL_INPUTS" value="0"/>
        </user_parameters>
    </ip>
    <ip vendor="xilinx.com" library="ip" name="axi_gpio" ip_interface="GPIO2">
        <user_parameters>
          <user_parameter name="CONFIG.C_IS_DUAL" value="1"/> 
          <user_parameter name="CONFIG.C_GPIO2_WIDTH" value="8"/> 
          <user_parameter name="CONFIG.C_ALL_OUTPUTS_2" value="1"/> 
	  <user_parameter name="CONFIG.C_ALL_INPUTS_2" value="0"/>
        </user_parameters>
    </ip>
    <ip vendor="xilinx.com" library="ip" name="iomodule" ip_interface="GPIO1">
        <user_parameters>
          <user_parameter name="CONFIG.C_USE_GPO1" value="1"/> 
          <user_parameter name="CONFIG.C_GPO1_SIZE" value="8"/> 
        </user_parameters>
    </ip>
    <ip vendor="xilinx.com" library="ip" name="iomodule" ip_interface="GPIO2">
        <user_parameters>
          <user_parameter name="CONFIG.C_USE_GPO2" value="1"/> 
          <user_parameter name="CONFIG.C_GPO2_SIZE" value="8"/> 
        </user_parameters>
    </ip>
    <ip vendor="xilinx.com" library="ip" name="iomodule" ip_interface="GPIO3">
        <user_parameters>
          <user_parameter name="CONFIG.C_USE_GPO3" value="1"/> 
          <user_parameter name="CONFIG.C_GPO3_SIZE" value="8"/> 
        </user_parameters>
    </ip>
    <ip vendor="xilinx.com" library="ip" name="iomodule" ip_interface="GPIO4">
        <user_parameters>
          <user_parameter name="CONFIG.C_USE_GPO4" value="1"/> 
          <user_parameter name="CONFIG.C_GPO4_SIZE" value="8"/> 
        </user_parameters>
    </ip>
    <ip vendor="xilinx.com" library="ip" name="microblaze_mcs" ip_interface="GPIO1">
        <user_parameters>
          <user_parameter name="CONFIG.USE_GPO1" value="1"/> 
          <user_parameter name="CONFIG.GPO1_SIZE" value="8"/> 
        </user_parameters>
    </ip>
    <ip vendor="xilinx.com" library="ip" name="microblaze_mcs" ip_interface="GPIO2">
        <user_parameters>
          <user_parameter name="CONFIG.USE_GPO2" value="1"/> 
          <user_parameter name="CONFIG.GPO2_SIZE" value="8"/> 
        </user_parameters>
    </ip>
    <ip vendor="xilinx.com" library="ip" name="microblaze_mcs" ip_interface="GPIO3">
        <user_parameters>
          <user_parameter name="CONFIG.USE_GPO3" value="1"/> 
          <user_parameter name="CONFIG.GPO3_SIZE" value="8"/> 
        </user_parameters>
    </ip>
    <ip vendor="xilinx.com" library="ip" name="microblaze_mcs" ip_interface="GPIO4">
        <user_parameters>
          <user_parameter name="CONFIG.USE_GPO4" value="1"/> 
          <user_parameter name="CONFIG.GPO4_SIZE" value="8"/> 
        </user_parameters>
    </ip>
  </ip_preset>
  <ip_preset preset_proc_name="dip_switches_4bits_preset">
    <ip vendor="xilinx.com" library="ip" name="axi_gpio" ip_interface="GPIO">
        <user_parameters>
          <user_parameter name="CONFIG.C_GPIO_WIDTH" value="4"/> 
          <user_parameter name="CONFIG.C_ALL_INPUTS" value="1"/> 
	  <user_parameter name="CONFIG.C_ALL_OUTPUTS" value="0"/>
        </user_parameters>
    </ip>
    <ip vendor="xilinx.com" library="ip" name="axi_gpio" ip_interface="GPIO2">
        <user_parameters>
          <user_parameter name="CONFIG.C_IS_DUAL" value="1"/> 
          <user_parameter name="CONFIG.C_GPIO2_WIDTH" value="4"/> 
          <user_parameter name="CONFIG.C_ALL_INPUTS_2" value="1"/> 
	  <user_parameter name="CONFIG.C_ALL_OUTPUTS_2" value="0"/>
        </user_parameters>
    </ip>
    <ip vendor="xilinx.com" library="ip" name="iomodule" ip_interface="GPIO1">
        <user_parameters>
          <user_parameter name="CONFIG.C_USE_GPI1" value="1"/> 
          <user_parameter name="CONFIG.C_GPI1_SIZE" value="4"/> 
        </user_parameters>
    </ip>
    <ip vendor="xilinx.com" library="ip" name="iomodule" ip_interface="GPIO2">
        <user_parameters>
          <user_parameter name="CONFIG.C_USE_GPI2" value="1"/> 
          <user_parameter name="CONFIG.C_GPI2_SIZE" value="4"/> 
        </user_parameters>
    </ip>
    <ip vendor="xilinx.com" library="ip" name="iomodule" ip_interface="GPIO3">
        <user_parameters>
          <user_parameter name="CONFIG.C_USE_GPI3" value="1"/> 
          <user_parameter name="CONFIG.C_GPI3_SIZE" value="4"/> 
        </user_parameters>
    </ip>
    <ip vendor="xilinx.com" library="ip" name="iomodule" ip_interface="GPIO4">
        <user_parameters>
          <user_parameter name="CONFIG.C_USE_GPI4" value="1"/> 
          <user_parameter name="CONFIG.C_GPI4_SIZE" value="4"/> 
        </user_parameters>
    </ip>
    <ip vendor="xilinx.com" library="ip" name="microblaze_mcs" ip_interface="GPIO1">
        <user_parameters>
          <user_parameter name="CONFIG.USE_GPI1" value="1"/> 
          <user_parameter name="CONFIG.GPI1_SIZE" value="4"/> 
        </user_parameters>
    </ip>
    <ip vendor="xilinx.com" library="ip" name="microblaze_mcs" ip_interface="GPIO2">
        <user_parameters>
          <user_parameter name="CONFIG.USE_GPI2" value="1"/> 
          <user_parameter name="CONFIG.GPI2_SIZE" value="4"/> 
        </user_parameters>
    </ip>
     <ip vendor="xilinx.com" library="ip" name="microblaze_mcs" ip_interface="GPIO3">
        <user_parameters>
          <user_parameter name="CONFIG.USE_GPI3" value="1"/> 
          <user_parameter name="CONFIG.GPI1_SIZE" value="4"/> 
        </user_parameters>
    </ip>
    <ip vendor="xilinx.com" library="ip" name="microblaze_mcs" ip_interface="GPIO4">
        <user_parameters>
          <user_parameter name="CONFIG.USE_GPI4" value="1"/> 
          <user_parameter name="CONFIG.GPI2_SIZE" value="4"/> 
        </user_parameters>
    </ip>
  </ip_preset>
  <ip_preset preset_proc_name="rotary_switch_preset">
    <ip vendor="xilinx.com" library="ip" name="axi_gpio" ip_interface="GPIO">
        <user_parameters>
          <user_parameter name="CONFIG.C_GPIO_WIDTH" value="3"/> 
          <user_parameter name="CONFIG.C_ALL_INPUTS" value="1"/> 
	  <user_parameter name="CONFIG.C_ALL_OUTPUTS" value="0"/>
        </user_parameters>
    </ip>
    <ip vendor="xilinx.com" library="ip" name="axi_gpio" ip_interface="GPIO2">
        <user_parameters>
          <user_parameter name="CONFIG.C_IS_DUAL" value="1"/> 
          <user_parameter name="CONFIG.C_GPIO2_WIDTH" value="3"/> 
          <user_parameter name="CONFIG.C_ALL_INPUTS_2" value="1"/> 
	  <user_parameter name="CONFIG.C_ALL_OUTPUTS_2" value="0"/>
        </user_parameters>
    </ip>
    <ip vendor="xilinx.com" library="ip" name="iomodule" ip_interface="GPIO1">
        <user_parameters>
          <user_parameter name="CONFIG.C_USE_GPI1" value="1"/> 
          <user_parameter name="CONFIG.C_GPI1_SIZE" value="3"/> 
        </user_parameters>
    </ip>
    <ip vendor="xilinx.com" library="ip" name="iomodule" ip_interface="GPIO2">
        <user_parameters>
          <user_parameter name="CONFIG.C_USE_GPI2" value="1"/> 
          <user_parameter name="CONFIG.C_GPI2_SIZE" value="3"/> 
        </user_parameters>
    </ip>
    <ip vendor="xilinx.com" library="ip" name="iomodule" ip_interface="GPIO3">
        <user_parameters>
          <user_parameter name="CONFIG.C_USE_GPI3" value="1"/> 
          <user_parameter name="CONFIG.C_GPI3_SIZE" value="3"/> 
        </user_parameters>
    </ip>
    <ip vendor="xilinx.com" library="ip" name="iomodule" ip_interface="GPIO4">
        <user_parameters>
          <user_parameter name="CONFIG.C_USE_GPI4" value="1"/> 
          <user_parameter name="CONFIG.C_GPI4_SIZE" value="3"/> 
        </user_parameters>
    </ip>
    <ip vendor="xilinx.com" library="ip" name="microblaze_mcs" ip_interface="GPIO1">
        <user_parameters>
          <user_parameter name="CONFIG.USE_GPI1" value="1"/> 
          <user_parameter name="CONFIG.GPI1_SIZE" value="3"/> 
        </user_parameters>
    </ip>
    <ip vendor="xilinx.com" library="ip" name="microblaze_mcs" ip_interface="GPIO2">
        <user_parameters>
          <user_parameter name="CONFIG.USE_GPI2" value="1"/> 
          <user_parameter name="CONFIG.GPI2_SIZE" value="3"/> 
        </user_parameters>
    </ip>
    <ip vendor="xilinx.com" library="ip" name="microblaze_mcs" ip_interface="GPIO3">
        <user_parameters>
          <user_parameter name="CONFIG.USE_GPI3" value="1"/> 
          <user_parameter name="CONFIG.GPI3_SIZE" value="3"/> 
        </user_parameters>
    </ip>
    <ip vendor="xilinx.com" library="ip" name="microblaze_mcs" ip_interface="GPIO4">
        <user_parameters>
          <user_parameter name="CONFIG.USE_GPI4" value="1"/> 
          <user_parameter name="CONFIG.GPI4_SIZE" value="3"/> 
        </user_parameters>
    </ip>
</ip_preset>
  <ip_preset preset_proc_name="lcd_7bits_preset">
    <ip vendor="xilinx.com" library="ip" name="axi_gpio" ip_interface="GPIO">
        <user_parameters>
          <user_parameter name="CONFIG.C_GPIO_WIDTH" value="7"/> 
          <user_parameter name="CONFIG.C_ALL_OUTPUTS" value="1"/> 
	  <user_parameter name="CONFIG.C_ALL_INPUTS" value="0"/>
        </user_parameters>
    </ip>
    <ip vendor="xilinx.com" library="ip" name="axi_gpio" ip_interface="GPIO2">
        <user_parameters>
          <user_parameter name="CONFIG.C_IS_DUAL" value="1"/> 
          <user_parameter name="CONFIG.C_GPIO2_WIDTH" value="7"/> 
          <user_parameter name="CONFIG.C_ALL_OUTPUTS_2" value="1"/> 
	  <user_parameter name="CONFIG.C_ALL_INPUTS_2" value="0"/>
        </user_parameters>
    </ip>
    <ip vendor="xilinx.com" library="ip" name="iomodule" ip_interface="GPIO1">
        <user_parameters>
          <user_parameter name="CONFIG.C_USE_GPO1" value="1"/> 
          <user_parameter name="CONFIG.C_GPO1_SIZE" value="7"/> 
        </user_parameters>
    </ip>
    <ip vendor="xilinx.com" library="ip" name="iomodule" ip_interface="GPIO2">
        <user_parameters>
          <user_parameter name="CONFIG.C_USE_GPO2" value="1"/> 
          <user_parameter name="CONFIG.C_GPO2_SIZE" value="7"/> 
        </user_parameters>
    </ip>
    <ip vendor="xilinx.com" library="ip" name="iomodule" ip_interface="GPIO3">
        <user_parameters>
          <user_parameter name="CONFIG.C_USE_GPO3" value="1"/> 
          <user_parameter name="CONFIG.C_GPO3_SIZE" value="7"/> 
        </user_parameters>
    </ip>
    <ip vendor="xilinx.com" library="ip" name="iomodule" ip_interface="GPIO4">
        <user_parameters>
          <user_parameter name="CONFIG.C_USE_GPO4" value="1"/> 
          <user_parameter name="CONFIG.C_GPO4_SIZE" value="7"/> 
        </user_parameters>
    </ip>
    <ip vendor="xilinx.com" library="ip" name="microblaze_mcs" ip_interface="GPIO1">
        <user_parameters>
          <user_parameter name="CONFIG.USE_GPO1" value="1"/> 
          <user_parameter name="CONFIG.GPO1_SIZE" value="7"/> 
        </user_parameters>
    </ip>
    <ip vendor="xilinx.com" library="ip" name="microblaze_mcs" ip_interface="GPIO2">
        <user_parameters>
          <user_parameter name="CONFIG.USE_GPO2" value="1"/> 
          <user_parameter name="CONFIG.GPO2_SIZE" value="7"/> 
        </user_parameters>
    </ip>
    <ip vendor="xilinx.com" library="ip" name="microblaze_mcs" ip_interface="GPIO3">
        <user_parameters>
          <user_parameter name="CONFIG.USE_GPO3" value="1"/> 
          <user_parameter name="CONFIG.GPO3_SIZE" value="7"/> 
        </user_parameters>
    </ip>
    <ip vendor="xilinx.com" library="ip" name="microblaze_mcs" ip_interface="GPIO4">
        <user_parameters>
          <user_parameter name="CONFIG.USE_GPO4" value="1"/> 
          <user_parameter name="CONFIG.GPO4_SIZE" value="7"/> 
        </user_parameters>
    </ip>
  </ip_preset>
  <ip_preset preset_proc_name="push_buttons_5bits_preset">
    <ip vendor="xilinx.com" library="ip" name="axi_gpio" ip_interface="GPIO">
        <user_parameters>
          <user_parameter name="CONFIG.C_GPIO_WIDTH" value="5"/> 
          <user_parameter name="CONFIG.C_ALL_INPUTS" value="1"/> 
	  <user_parameter name="CONFIG.C_ALL_OUTPUTS" value="0"/>
        </user_parameters>
    </ip>
    <ip vendor="xilinx.com" library="ip" name="axi_gpio" ip_interface="GPIO2">
        <user_parameters>
          <user_parameter name="CONFIG.C_IS_DUAL" value="1"/> 
          <user_parameter name="CONFIG.C_GPIO2_WIDTH" value="5"/> 
          <user_parameter name="CONFIG.C_ALL_INPUTS_2" value="1"/> 
	  <user_parameter name="CONFIG.C_ALL_OUTPUTS_2" value="0"/>
        </user_parameters>
    </ip>
    <ip vendor="xilinx.com" library="ip" name="iomodule" ip_interface="GPIO1">
        <user_parameters>
          <user_parameter name="CONFIG.C_USE_GPI1" value="1"/> 
          <user_parameter name="CONFIG.C_GPI1_SIZE" value="5"/> 
        </user_parameters>
    </ip>
    <ip vendor="xilinx.com" library="ip" name="iomodule" ip_interface="GPIO2">
        <user_parameters>
          <user_parameter name="CONFIG.C_USE_GPI2" value="1"/> 
          <user_parameter name="CONFIG.C_GPI2_SIZE" value="5"/> 
        </user_parameters>
    </ip>
    <ip vendor="xilinx.com" library="ip" name="iomodule" ip_interface="GPIO3">
        <user_parameters>
          <user_parameter name="CONFIG.C_USE_GPI3" value="1"/> 
          <user_parameter name="CONFIG.C_GPI3_SIZE" value="5"/> 
        </user_parameters>
    </ip>
    <ip vendor="xilinx.com" library="ip" name="iomodule" ip_interface="GPIO4">
        <user_parameters>
          <user_parameter name="CONFIG.C_USE_GPI4" value="1"/> 
          <user_parameter name="CONFIG.C_GPI4_SIZE" value="5"/> 
        </user_parameters>
    </ip>
    <ip vendor="xilinx.com" library="ip" name="microblaze_mcs" ip_interface="GPIO1">
        <user_parameters>
          <user_parameter name="CONFIG.USE_GPI1" value="1"/> 
          <user_parameter name="CONFIG.GPI1_SIZE" value="5"/> 
        </user_parameters>
    </ip>
    <ip vendor="xilinx.com" library="ip" name="microblaze_mcs" ip_interface="GPIO2">
        <user_parameters>
          <user_parameter name="CONFIG.USE_GPI2" value="1"/> 
          <user_parameter name="CONFIG.GPI2_SIZE" value="5"/> 
        </user_parameters>
    </ip>
    <ip vendor="xilinx.com" library="ip" name="microblaze_mcs" ip_interface="GPIO3">
        <user_parameters>
          <user_parameter name="CONFIG.USE_GPI3" value="1"/> 
          <user_parameter name="CONFIG.GPI3_SIZE" value="5"/> 
        </user_parameters>
    </ip>
    <ip vendor="xilinx.com" library="ip" name="microblaze_mcs" ip_interface="GPIO4">
        <user_parameters>
          <user_parameter name="CONFIG.USE_GPI4" value="1"/> 
          <user_parameter name="CONFIG.GPI4_SIZE" value="5"/> 
        </user_parameters>
    </ip>
  </ip_preset>
  <ip_preset preset_proc_name="rs232_uart_preset">
    <ip vendor="xilinx.com" library="ip" name="iomodule" ip_interface="UART">
        <user_parameters>
          <user_parameter name="CONFIG.C_USE_UART_RX" value="1"/> 
          <user_parameter name="CONFIG.C_USE_UART_TX" value="1"/> 
        </user_parameters>
    </ip>
    <ip vendor="xilinx.com" library="ip" name="microblaze_mcs" ip_interface="UART">
        <user_parameters>
          <user_parameter name="CONFIG.USE_UART_RX" value="1"/> 
          <user_parameter name="CONFIG.USE_UART_RX" value="1"/> 
        </user_parameters>
    </ip>
  </ip_preset>
  <ip_preset preset_proc_name="sys_diff_clock_preset">
    <ip vendor="xilinx.com" library="ip" name="clk_wiz" ip_interface="CLK_IN1_D">
        <user_parameters>
          <user_parameter name="CONFIG.PRIM_IN_FREQ" value="200"/> 
          <user_parameter name="CONFIG.PRIM_SOURCE" value="Differential_clock_capable_pin"/> 
        </user_parameters>
    </ip>
    <ip vendor="xilinx.com" library="ip" name="clk_wiz" ip_interface="CLK_IN2_D">
        <user_parameters>
	<user_parameter name="CONFIG.USE_INCLK_SWITCHOVER" value="true"/>
        <user_parameter name="CONFIG.SECONDARY_IN_FREQ" value="200"/>
        <user_parameter name="CONFIG.SECONDARY_SOURCE" value="Differential_clock_capable_pin"/> 
        </user_parameters>
    </ip>
  </ip_preset>
</ip_presets>
