<?xml version="1.0" encoding="UTF-8"?>
<GenRun Id="impl_1" LaunchPart="xc7a100tcsg324-1" LaunchTime="1469785413">
  <File Type="OPT-DCP" Name="top_level_wrap_opt.dcp"/>
  <File Type="ROUTE-STATUS-PB" Name="top_level_wrap_route_status.pb"/>
  <File Type="PA-TCL" Name="top_level_wrap.tcl"/>
  <File Type="RDI-RDI" Name="top_level_wrap.vdi"/>
  <File Type="PWROPT-DRC" Name="top_level_wrap_drc_pwropted.rpt"/>
  <File Type="OPT-METHODOLOGY-DRC" Name="top_level_wrap_methodology_drc_opted.rpt"/>
  <File Type="INIT-TIMING" Name="top_level_wrap_timing_summary_init.rpt"/>
  <File Type="OPT-DRC" Name="top_level_wrap_drc_opted.rpt"/>
  <File Type="PWROPT-DCP" Name="top_level_wrap_pwropt.dcp"/>
  <File Type="OPT-HWDEF" Name="top_level_wrap.hwdef"/>
  <File Type="OPT-TIMING" Name="top_level_wrap_timing_summary_opted.rpt"/>
  <File Type="PWROPT-TIMING" Name="top_level_wrap_timing_summary_pwropted.rpt"/>
  <File Type="PLACE-DCP" Name="top_level_wrap_placed.dcp"/>
  <File Type="PLACE-IO" Name="top_level_wrap_io_placed.rpt"/>
  <File Type="PLACE-CLK" Name="top_level_wrap_clock_utilization_placed.rpt"/>
  <File Type="PLACE-UTIL" Name="top_level_wrap_utilization_placed.rpt"/>
  <File Type="PLACE-UTIL-PB" Name="top_level_wrap_utilization_placed.pb"/>
  <File Type="PLACE-CTRL" Name="top_level_wrap_control_sets_placed.rpt"/>
  <File Type="PLACE-SIMILARITY" Name="top_level_wrap_incremental_reuse_placed.rpt"/>
  <File Type="PLACE-PRE-SIMILARITY" Name="top_level_wrap_incremental_reuse_pre_placed.rpt"/>
  <File Type="PLACE-TIMING" Name="top_level_wrap_timing_summary_placed.rpt"/>
  <File Type="POSTPLACE-PWROPT-DCP" Name="top_level_wrap_postplace_pwropt.dcp"/>
  <File Type="POSTPLACE-PWROPT-TIMING" Name="top_level_wrap_timing_summary_postplace_pwropted.rpt"/>
  <File Type="PHYSOPT-DCP" Name="top_level_wrap_physopt.dcp"/>
  <File Type="PHYSOPT-DRC" Name="top_level_wrap_drc_physopted.rpt"/>
  <File Type="PHYSOPT-TIMING" Name="top_level_wrap_timing_summary_physopted.rpt"/>
  <File Type="ROUTE-DCP" Name="top_level_wrap_routed.dcp"/>
  <File Type="ROUTE-BLACKBOX-DCP" Name="top_level_wrap_routed_bb.dcp"/>
  <File Type="ROUTE-DRC" Name="top_level_wrap_drc_routed.rpt"/>
  <File Type="ROUTE-DRC-PB" Name="top_level_wrap_drc_routed.pb"/>
  <File Type="ROUTE-METHODOLOGY-DRC" Name="top_level_wrap_methodology_drc_routed.rpt"/>
  <File Type="BG-BIT" Name="top_level_wrap.bit"/>
  <File Type="ROUTE-METHODOLOGY-DRC-PB" Name="top_level_wrap_methodology_drc_routed.pb"/>
  <File Type="ROUTE-PWR" Name="top_level_wrap_power_routed.rpt"/>
  <File Type="ROUTE-PWR-SUM" Name="top_level_wrap_power_summary_routed.pb"/>
  <File Type="ROUTE-PWR-RPX" Name="top_level_wrap_power_routed.rpx"/>
  <File Type="ROUTE-STATUS" Name="top_level_wrap_route_status.rpt"/>
  <File Type="ROUTE-TIMINGSUMMARY" Name="top_level_wrap_timing_summary_routed.rpt"/>
  <File Type="ROUTE-TIMING-PB" Name="top_level_wrap_timing_summary_routed.pb"/>
  <File Type="ROUTE-TIMING-RPX" Name="top_level_wrap_timing_summary_routed.rpx"/>
  <File Type="ROUTE-SIMILARITY" Name="top_level_wrap_incremental_reuse_routed.rpt"/>
  <File Type="ROUTE-CLK" Name="top_level_wrap_clock_utilization_routed.rpt"/>
  <File Type="POSTROUTE-PHYSOPT-DCP" Name="top_level_wrap_postroute_physopt.dcp"/>
  <File Type="POSTROUTE-PHYSOPT-BLACKBOX-DCP" Name="top_level_wrap_postroute_physopt_bb.dcp"/>
  <File Type="POSTROUTE-PHYSOPT-TIMING" Name="top_level_wrap_timing_summary_postroute_physopted.rpt"/>
  <File Type="POSTROUTE-PHYSOPT-TIMING-PB" Name="top_level_wrap_timing_summary_postroute_physopted.pb"/>
  <File Type="POSTROUTE-PHYSOPT-TIMING-RPX" Name="top_level_wrap_timing_summary_postroute_physopted.rpx"/>
  <File Type="BG-BIN" Name="top_level_wrap.bin"/>
  <File Type="BITSTR-MSK" Name="top_level_wrap.msk"/>
  <File Type="BITSTR-RBT" Name="top_level_wrap.rbt"/>
  <File Type="BITSTR-NKY" Name="top_level_wrap.nky"/>
  <File Type="BITSTR-BMM" Name="top_level_wrap_bd.bmm"/>
  <File Type="BITSTR-MMI" Name="top_level_wrap.mmi"/>
  <File Type="BITSTR-SYSDEF" Name="top_level_wrap.sysdef"/>
  <File Type="BG-BGN" Name="top_level_wrap.bgn"/>
  <File Type="BG-DRC" Name="top_level_wrap.drc"/>
  <File Type="WBT-USG" Name="usage_statistics_webtalk.html"/>
  <FileSet Name="sources" Type="DesignSrcs" RelSrcDir="$PSRCDIR/sources_1">
    <Filter Type="Srcs"/>
    <File Path="$PSRCDIR/sources_1/imports/src/ShiftRegister.vhd">
      <FileInfo>
        <Attr Name="ImportPath" Val="$PPRDIR/../ip_repo/ADT7420_Peripheral_1.0/src/ShiftRegister.vhd"/>
        <Attr Name="ImportTime" Val="1468919185"/>
        <Attr Name="UsedIn" Val="synthesis"/>
        <Attr Name="UsedIn" Val="simulation"/>
      </FileInfo>
    </File>
    <File Path="$PSRCDIR/sources_1/imports/src/TemperatureSensorFSM2.vhd">
      <FileInfo>
        <Attr Name="ImportPath" Val="$PPRDIR/../ip_repo/ADT7420_Peripheral_1.0/src/TemperatureSensorFSM2.vhd"/>
        <Attr Name="ImportTime" Val="1469521828"/>
        <Attr Name="UsedIn" Val="synthesis"/>
        <Attr Name="UsedIn" Val="simulation"/>
      </FileInfo>
    </File>
    <File Path="$PSRCDIR/sources_1/imports/new/ButtonSynchronizer.vhd">
      <FileInfo>
        <Attr Name="ImportPath" Val="$PPRDIR/../i2c_beta/i2c.srcs/sources_1/new/ButtonSynchronizer.vhd"/>
        <Attr Name="ImportTime" Val="1468835868"/>
        <Attr Name="UsedIn" Val="synthesis"/>
        <Attr Name="UsedIn" Val="simulation"/>
      </FileInfo>
    </File>
    <File Path="$PSRCDIR/sources_1/imports/new/BCDScanner.vhd">
      <FileInfo>
        <Attr Name="ImportPath" Val="$PPRDIR/../i2c_beta/i2c.srcs/sources_1/new/BCDScanner.vhd"/>
        <Attr Name="ImportTime" Val="1468834559"/>
        <Attr Name="UsedIn" Val="synthesis"/>
        <Attr Name="UsedIn" Val="simulation"/>
      </FileInfo>
    </File>
    <File Path="$PSRCDIR/sources_1/imports/src/TemperatureSensorController2.vhd">
      <FileInfo>
        <Attr Name="ImportPath" Val="$PPRDIR/../ip_repo/ADT7420_Peripheral_1.0/src/TemperatureSensorController2.vhd"/>
        <Attr Name="ImportTime" Val="1469719685"/>
        <Attr Name="UsedIn" Val="synthesis"/>
        <Attr Name="UsedIn" Val="simulation"/>
      </FileInfo>
    </File>
    <File Path="$PSRCDIR/sources_1/new/top_level_wrap.vhd">
      <FileInfo>
        <Attr Name="UsedIn" Val="synthesis"/>
        <Attr Name="UsedIn" Val="simulation"/>
      </FileInfo>
    </File>
    <Config>
      <Option Name="DesignMode" Val="RTL"/>
      <Option Name="TopModule" Val="top_level_wrap"/>
      <Option Name="TopAutoSet" Val="TRUE"/>
    </Config>
  </FileSet>
  <FileSet Name="constrs_in" Type="Constrs" RelSrcDir="$PSRCDIR/constrs_1">
    <Filter Type="Constrs"/>
    <File Path="$PSRCDIR/constrs_1/imports/Downloads/Nexys4DDR_Master.xdc">
      <FileInfo>
        <Attr Name="ImportPath" Val="$PPRDIR/../i2c_beta/i2c.srcs/constrs_1/imports/Downloads/Nexys4DDR_Master.xdc"/>
        <Attr Name="ImportTime" Val="1469531981"/>
        <Attr Name="UsedIn" Val="synthesis"/>
        <Attr Name="UsedIn" Val="implementation"/>
      </FileInfo>
    </File>
    <Config>
      <Option Name="ConstrsType" Val="XDC"/>
    </Config>
  </FileSet>
  <Strategy Version="1" Minor="2">
    <StratHandle Name="Vivado Implementation Defaults" Flow="Vivado Implementation 2016">
      <Desc>Default settings for Implementation.</Desc>
    </StratHandle>
    <Step Id="init_design"/>
    <Step Id="opt_design"/>
    <Step Id="power_opt_design"/>
    <Step Id="place_design"/>
    <Step Id="post_place_power_opt_design"/>
    <Step Id="phys_opt_design"/>
    <Step Id="route_design"/>
    <Step Id="post_route_phys_opt_design"/>
    <Step Id="write_bitstream"/>
  </Strategy>
</GenRun>
